File Name, test_jesse thuis 
Device Address, FD:F6:CE:B9:1D:66
Sensor ID, C9-96-74-54-73
Modify Time, 2020-04-13 13:38:54
Is Saturate, not
Integration Time(ms), 38.518
Wavelength, 390, 395, 400, 405, 410, 415, 420, 425, 430, 435, 440, 445, 450, 455, 460, 465, 470, 475, 480, 485, 490, 495, 500, 505, 510, 515, 520, 525, 530, 535, 540, 545, 550, 555, 560, 565, 570, 575, 580, 585, 590, 595, 600, 605, 610, 615, 620, 625, 630, 635, 640, 645, 650, 655, 660, 665, 670, 675, 680, 685, 690, 695, 700, 705, 710, 715, 720, 725, 730, 735, 740, 745, 750, 755, 760
Spectrum, 0.0015455168904736638, 0.0016831271350383759, 0.0018841063138097525, 0.002078457735478878, 0.002253723330795765, 0.0024171348195523024, 0.002559137297794223, 0.002646959852427244, 0.0026957672089338303, 0.0027675493620336056, 0.002902718260884285, 0.003066372824832797, 0.0032321312464773655, 0.003357511945068836, 0.0034253799822181463, 0.0034301108680665493, 0.0033550350926816463, 0.003225042950361967, 0.003058712463825941, 0.0028963887598365545, 0.002777781570330262, 0.0027282079681754112, 0.0027548784855753183, 0.0028482796624302864, 0.002991003915667534, 0.0031285809818655252, 0.0031959356274455786, 0.0031843064352869987, 0.003122198162600398, 0.0030672976281493902, 0.0030398303642868996, 0.003044932149350643, 0.0030684086959809065, 0.003091136459261179, 0.0030870346818119287, 0.0030444234143942595, 0.0029788168612867594, 0.002901175059378147, 0.002799524459987879, 0.002707956125959754, 0.0026268826331943274, 0.0025688454043120146, 0.0025420421734452248, 0.0025708177126944065, 0.0026413945015519857, 0.0026942009571939707, 0.002713586203753948, 0.002682974562048912, 0.0026357315946370363, 0.0025997324846684933, 0.002576590282842517, 0.002564702183008194, 0.002543753944337368, 0.0025045371148735285, 0.002449610736221075, 0.0023919588420540094, 0.0023458374198526144, 0.0023172227665781975, 0.002279464388266206, 0.0022314046509563923, 0.00218182522803545, 0.002172227017581463, 0.0021879449486732483, 0.0022292807698249817, 0.00225838809274137, 0.00225472473539412, 0.0022067041136324406, 0.002175263362005353, 0.0021664146333932877, 0.0022109122946858406, 0.002263203263282776, 0.0022475835867226124, 0.002200938994064927, 0.002150296000763774, 0.002105423016473651
PPFD Spectrum, 0.0, 0.0, 0.006300451699644327, 0.007037242408841848, 0.007724862080067396, 0.008386007510125637, 0.008985643275082111, 0.009404648095369339, 0.009690743871033192, 0.010064469650387764, 0.010677359066903591, 0.011407520622015, 0.012159277684986591, 0.01277130376547575, 0.013172641396522522, 0.013334212824702263, 0.013182603754103184, 0.012806645594537258, 0.012274001725018024, 0.0117436982691288, 0.011378904804587364, 0.011289870366454124, 0.011515391990542412, 0.012024867348372936, 0.012752444483339787, 0.013469792902469635, 0.0138933714479208, 0.013975921086966991, 0.01383383572101593, 0.013718795031309128, 0.013723010197281837, 0.013873320072889328, 0.014108543284237385, 0.01434225495904684, 0.014452261850237846, 0.014380029402673244, 0.014194658026099205, 0.013945948332548141, 0.013574333861470222, 0.013243529945611954, 0.012956836260855198, 0.01277795061469078, 0.012750883586704731, 0.01300268154591322, 0.013470055535435677, 0.013851964846253395, 0.014065059833228588, 0.014018542133271694, 0.013881871476769447, 0.013800939545035362, 0.013785788789391518, 0.013829386793076992, 0.013822758570313454, 0.01371434424072504, 0.013515972532331944, 0.013297855854034424, 0.013139504939317703, 0.013076088391244411, 0.012958299368619919, 0.01277836225926876, 0.012585640884935856, 0.012621073052287102, 0.012803853489458561, 0.0, 0.0, 0.0, 0.0, 0.0, 0.0, 0.0, 0.0, 0.0, 0.0, 0.0, 0.0
Photopic Lux, 213
Cyanopic Lux, 219
Melanopic Lux, 222
Rhodopic Lux, 221
Chloropic Lux, 218
Erythropic Lux, 211
PPFD, 4
PPFD-R, 1
PPFD-G, 1
PPFD-B, 1
CCT, 6196
CRI, 98
XYZ, 204, 213, 224
xy, 0.3182, 0.3321
uv, 0.2004, 0.4708

File Name, test_jesse thuis 
Device Address, FD:F6:CE:B9:1D:66
Sensor ID, C9-96-74-54-73
Modify Time, 2020-04-13 13:39:24
Is Saturate, not
Integration Time(ms), 33.594
Wavelength, 390, 395, 400, 405, 410, 415, 420, 425, 430, 435, 440, 445, 450, 455, 460, 465, 470, 475, 480, 485, 490, 495, 500, 505, 510, 515, 520, 525, 530, 535, 540, 545, 550, 555, 560, 565, 570, 575, 580, 585, 590, 595, 600, 605, 610, 615, 620, 625, 630, 635, 640, 645, 650, 655, 660, 665, 670, 675, 680, 685, 690, 695, 700, 705, 710, 715, 720, 725, 730, 735, 740, 745, 750, 755, 760
Spectrum, 0.0017037758370861411, 0.0018219106132164598, 0.0020016375929117203, 0.0021844070870429277, 0.002356977667659521, 0.002538826083764434, 0.002722409786656499, 0.0028766877949237823, 0.0030073325615376234, 0.0031604948453605175, 0.003298730356618762, 0.0034076718147844076, 0.0035426884423941374, 0.003650758182629943, 0.00372755853459239, 0.00377760361880064, 0.003737891558557749, 0.003615932771936059, 0.003438889514654875, 0.003252049209550023, 0.0031293786596506834, 0.0031150744762271643, 0.0031896596774458885, 0.0033386773429811, 0.0035111121833324432, 0.003633904503658414, 0.0036652847193181515, 0.0036395075730979443, 0.0035763622727245092, 0.0035282273311167955, 0.003519790479913354, 0.0035340143367648125, 0.003548484994098544, 0.0035568641033023596, 0.0035432095173746347, 0.00349762593396008, 0.003435765393078327, 0.003364143194630742, 0.0032691338565200567, 0.0031759648118168116, 0.003092527389526367, 0.0030487384647130966, 0.0030516404658555984, 0.0031140330247581005, 0.0031953139696270227, 0.003226184519007802, 0.003194808727130294, 0.0031128900591284037, 0.003047114936634898, 0.0030154469422996044, 0.00299353851005435, 0.002968238200992346, 0.002921115839853883, 0.0028597016353160143, 0.002793884603306651, 0.002738987561315298, 0.0027209040708839893, 0.002743762219324708, 0.0027660364285111427, 0.0027722634840756655, 0.0027540037408471107, 0.0027413666248321533, 0.002744137542322278, 0.0027508623898029327, 0.0027335933409631252, 0.002681443467736244, 0.0025868737138807774, 0.002524683019146323, 0.0024990804959088564, 0.002536920364946127, 0.0025830455124378204, 0.0025870250537991524, 0.002579603809863329, 0.002561799716204405, 0.0025452682748436928
PPFD Spectrum, 0.0, 0.0, 0.006693475879728794, 0.00739596551284194, 0.00807877629995346, 0.008808203041553497, 0.009558925405144691, 0.010220871306955814, 0.010810758918523788, 0.011493455618619919, 0.012134050019085407, 0.01267722062766552, 0.01332759391516447, 0.013886754401028156, 0.014334699138998985, 0.014685056172311306, 0.01468692347407341, 0.014358868822455406, 0.013799576088786125, 0.013185759074985981, 0.01281918678432703, 0.012890800833702087, 0.01333277765661478, 0.014095228165388107, 0.014969977550208569, 0.015645412728190422, 0.015933725982904434, 0.01597379893064499, 0.015846146270632744, 0.01578035019338131, 0.015889741480350494, 0.01610167697072029, 0.01631593331694603, 0.016503138467669487, 0.016587888821959496, 0.016520686447620392, 0.016372108832001686, 0.01617143675684929, 0.015851376578211784, 0.015532373450696468, 0.015253582037985325, 0.015165034681558609, 0.015307028777897358, 0.015750156715512276, 0.016294823959469795, 0.01658710464835167, 0.016559332609176636, 0.01626485027372837, 0.016048545017838478, 0.0160078015178442, 0.016016628593206406, 0.01600533351302147, 0.015873342752456665, 0.0156591534614563, 0.015415538102388382, 0.015227127820253372, 0.015240327455103397, 0.015483050607144833, 0.015724364668130875, 0.015875644981861115, 0.01588619500398636, 0.015927888453006744, 0.01605869270861149, 0.0, 0.0, 0.0, 0.0, 0.0, 0.0, 0.0, 0.0, 0.0, 0.0, 0.0, 0.0
Photopic Lux, 247
Cyanopic Lux, 243
Melanopic Lux, 251
Rhodopic Lux, 252
Chloropic Lux, 251
Erythropic Lux, 244
PPFD, 4
PPFD-R, 2
PPFD-G, 2
PPFD-B, 1
CCT, 5917
CRI, 98
XYZ, 236, 247, 248
xy, 0.3234, 0.3376
uv, 0.2020, 0.4744

File Name, test_jesse thuis 
Device Address, FD:F6:CE:B9:1D:66
Sensor ID, C9-96-74-54-73
Modify Time, 2020-04-13 13:39:54
Is Saturate, not
Integration Time(ms), 58.218
Wavelength, 390, 395, 400, 405, 410, 415, 420, 425, 430, 435, 440, 445, 450, 455, 460, 465, 470, 475, 480, 485, 490, 495, 500, 505, 510, 515, 520, 525, 530, 535, 540, 545, 550, 555, 560, 565, 570, 575, 580, 585, 590, 595, 600, 605, 610, 615, 620, 625, 630, 635, 640, 645, 650, 655, 660, 665, 670, 675, 680, 685, 690, 695, 700, 705, 710, 715, 720, 725, 730, 735, 740, 745, 750, 755, 760
Spectrum, 0.0005523704458028078, 0.0006463019526563585, 0.0007663365104235709, 0.0008641870808787644, 0.0009383974829688668, 0.0010146627901121974, 0.0010920760687440634, 0.0011427943827584386, 0.0012008009944111109, 0.001300620730035007, 0.0014245450729504228, 0.0015337653458118439, 0.001629210659302771, 0.001699428423307836, 0.0017420377116650343, 0.0017622805899009109, 0.001738790888339281, 0.00167971127666533, 0.0015998600283637643, 0.0015160825569182634, 0.0014572786167263985, 0.001444134395569563, 0.0014768893597647548, 0.0015484968898817897, 0.0016422484768554568, 0.001731780474074185, 0.001782330684363842, 0.001796608092263341, 0.0017849472351372242, 0.001775301992893219, 0.0017831516452133656, 0.001808403292670846, 0.0018488849746063352, 0.0018867604667320848, 0.001909470185637474, 0.0019082564394921064, 0.001892106025479734, 0.0018618862377479672, 0.0018079181900247931, 0.001755617093294859, 0.0017114892834797502, 0.001692126039415598, 0.0016972667071968317, 0.0017308371607214212, 0.0017750859260559082, 0.001788722351193428, 0.001785938162356615, 0.0017672197427600622, 0.0017522993730381131, 0.0017616074765101075, 0.0017740577459335327, 0.001787894289009273, 0.0017748920945450664, 0.0017417718190699816, 0.001695055514574051, 0.0016536872135475278, 0.0016397625440731645, 0.0016523990780115128, 0.0016648960299789906, 0.0016705566085875034, 0.0016684704460203648, 0.00167724653147161, 0.0016874074935913086, 0.0017046940047293901, 0.0016953002195805311, 0.0016675085062161088, 0.0016247795429080725, 0.0016291707288473845, 0.0016596447676420212, 0.001720826723612845, 0.0017686669016256928, 0.0017771205166354775, 0.0017551416531205177, 0.0017389700515195727, 0.0017267352668568492
PPFD Spectrum, 0.0, 0.0, 0.0025626292917877436, 0.0029259645380079746, 0.0032164512667804956, 0.0035202710423618555, 0.0038344974163919687, 0.004060348495841026, 0.004316639620810747, 0.00472983717918396, 0.005240046419203281, 0.005705913994461298, 0.006129090674221516, 0.006464285776019096, 0.006699180230498314, 0.006850689649581909, 0.006832057144492865, 0.006670133676379919, 0.00641991849988699, 0.006147108506411314, 0.005969596095383167, 0.0059761167503893375, 0.006173397414386272, 0.006537443958222866, 0.007001890800893307, 0.0074560078792274, 0.007748147938400507, 0.007885312661528587, 0.007908743806183338, 0.007940215989947319, 0.008049859665334225, 0.008239447139203548, 0.008501172997057438, 0.008754190988838673, 0.008939375169575214, 0.009013458155095577, 0.009016263298690319, 0.008950087241828442, 0.008766233921051025, 0.008586021140217781, 0.008441749960184097, 0.008416973054409027, 0.008513489738106728, 0.008754228241741657, 0.009052228182554245, 0.009196537546813488, 0.009256875142455101, 0.009233723394572735, 0.009229009971022606, 0.009351669810712337, 0.009491918608546257, 0.00964068342000246, 0.009644763544201851, 0.009537594392895699, 0.009352638386189938, 0.009193508885800838, 0.009184638038277626, 0.00932448823004961, 0.009464601054787636, 0.009566609747707844, 0.009624404832720757, 0.009745137766003609, 0.009874708950519562, 0.0, 0.0, 0.0, 0.0, 0.0, 0.0, 0.0, 0.0, 0.0, 0.0, 0.0, 0.0
Photopic Lux, 130
Cyanopic Lux, 108
Melanopic Lux, 118
Rhodopic Lux, 121
Chloropic Lux, 127
Erythropic Lux, 128
PPFD, 2
PPFD-R, 1
PPFD-G, 1
PPFD-B, 1
CCT, 5026
CRI, 98
XYZ, 127, 130, 111
xy, 0.3446, 0.3531
uv, 0.2105, 0.4853

File Name, test_jesse thuis 
Device Address, FD:F6:CE:B9:1D:66
Sensor ID, C9-96-74-54-73
Modify Time, 2020-04-13 13:40:24
Is Saturate, not
Integration Time(ms), 29.216
Wavelength, 390, 395, 400, 405, 410, 415, 420, 425, 430, 435, 440, 445, 450, 455, 460, 465, 470, 475, 480, 485, 490, 495, 500, 505, 510, 515, 520, 525, 530, 535, 540, 545, 550, 555, 560, 565, 570, 575, 580, 585, 590, 595, 600, 605, 610, 615, 620, 625, 630, 635, 640, 645, 650, 655, 660, 665, 670, 675, 680, 685, 690, 695, 700, 705, 710, 715, 720, 725, 730, 735, 740, 745, 750, 755, 760
Spectrum, 0.0019496072782203555, 0.002070019021630287, 0.0022458359599113464, 0.0024136172141879797, 0.002570117125287652, 0.002754459623247385, 0.002962354803457856, 0.0031405023764818907, 0.003328204620629549, 0.003573077032342553, 0.0038284629117697477, 0.004026502370834351, 0.004221892915666103, 0.004357346333563328, 0.004429752938449383, 0.004460399970412254, 0.004387960769236088, 0.00422214949503541, 0.004003345035016537, 0.0037955017760396004, 0.0036683313082903624, 0.003636367619037628, 0.0037088682875037193, 0.0038426227401942015, 0.004017254803329706, 0.004194573033601046, 0.0043153101578354836, 0.004382235463708639, 0.004390564281493425, 0.0043687159195542336, 0.0043285908177495, 0.004296666942536831, 0.004282359965145588, 0.0042770965956151485, 0.004229995887726545, 0.004155395552515984, 0.004071887116879225, 0.00398734537884593, 0.00391283119097352, 0.003806204302236438, 0.0037127567920833826, 0.0036642802879214287, 0.003669606288895011, 0.0037435884587466717, 0.0038319178856909275, 0.003863403806462884, 0.003859075019136071, 0.0038262559100985527, 0.0038222407456487417, 0.00377699825912714, 0.003719187807291746, 0.003649952122941613, 0.0035609249025583267, 0.0034725326113402843, 0.003401468973606825, 0.003359597409144044, 0.003345385892316699, 0.0033299773931503296, 0.0032738239970058203, 0.0031915961299091578, 0.0031239341478794813, 0.003118708496913314, 0.0031729508191347122, 0.0032577060628682375, 0.0032999601680785418, 0.0032628343906253576, 0.003130267607048154, 0.003018667222931981, 0.0029602376744151115, 0.003005304140970111, 0.003054878208786249, 0.0030705516692250967, 0.0030595797579735518, 0.003023736644536257, 0.002990148961544037
PPFD Spectrum, 0.0, 0.0, 0.007510075345635414, 0.008172024972736835, 0.00880933366715908, 0.009556322358548641, 0.010401420295238495, 0.011158204637467861, 0.011964229866862297, 0.01299385167658329, 0.014082618057727814, 0.014979394152760506, 0.015882760286331177, 0.016574474051594734, 0.01703505776822567, 0.01733935810625553, 0.01724117621779442, 0.016766155138611794, 0.01606462337076664, 0.01538924127817154, 0.015026952140033245, 0.015048016794025898, 0.015503069385886192, 0.01622278429567814, 0.01712796837091446, 0.018059315159916878, 0.01875951699912548, 0.01923363097012043, 0.019453711807727814, 0.019539518281817436, 0.01954098977148533, 0.01957647316157818, 0.019690291956067085, 0.019844872877001762, 0.01980314962565899, 0.01962759532034397, 0.019403357058763504, 0.01916716992855072, 0.01897253654897213, 0.018614621832966805, 0.01831280067563057, 0.0182268638163805, 0.018406745046377182, 0.018934322521090508, 0.019541248679161072, 0.019863303750753403, 0.02000235766172409, 0.01999218761920929, 0.020130977034568787, 0.020050572231411934, 0.019899142906069756, 0.01968127116560936, 0.019350066781044006, 0.01901489496231079, 0.01876794546842575, 0.018677346408367157, 0.018738174811005592, 0.018791062757372856, 0.018611034378409386, 0.018276995047926903, 0.01802010089159012, 0.01812032051384449, 0.01856810785830021, 0.0, 0.0, 0.0, 0.0, 0.0, 0.0, 0.0, 0.0, 0.0, 0.0, 0.0, 0.0
Photopic Lux, 296
Cyanopic Lux, 282
Melanopic Lux, 294
Rhodopic Lux, 297
Chloropic Lux, 299
Erythropic Lux, 293
PPFD, 5
PPFD-R, 2
PPFD-G, 2
PPFD-B, 1
CCT, 5765
CRI, 98
XYZ, 283, 296, 288
xy, 0.3265, 0.3412
uv, 0.2028, 0.4767

File Name, test_jesse thuis 
Device Address, FD:F6:CE:B9:1D:66
Sensor ID, C9-96-74-54-73
Modify Time, 2020-04-13 13:40:54
Is Saturate, not
Integration Time(ms), 29.034
Wavelength, 390, 395, 400, 405, 410, 415, 420, 425, 430, 435, 440, 445, 450, 455, 460, 465, 470, 475, 480, 485, 490, 495, 500, 505, 510, 515, 520, 525, 530, 535, 540, 545, 550, 555, 560, 565, 570, 575, 580, 585, 590, 595, 600, 605, 610, 615, 620, 625, 630, 635, 640, 645, 650, 655, 660, 665, 670, 675, 680, 685, 690, 695, 700, 705, 710, 715, 720, 725, 730, 735, 740, 745, 750, 755, 760
Spectrum, 0.001782095292583108, 0.0019407252548262477, 0.0021942518651485443, 0.0024538831785321236, 0.002679003169760108, 0.002898110542446375, 0.003100658068433404, 0.003243747865781188, 0.003339810064062476, 0.003481093794107437, 0.0037281913682818413, 0.003980280365794897, 0.004228072240948677, 0.00439833989366889, 0.004474537912756205, 0.0044761053286492825, 0.0043710991740226746, 0.004184937570244074, 0.00395435094833374, 0.003730138298124075, 0.003580436110496521, 0.003528616623952985, 0.003587564453482628, 0.0037360345013439655, 0.003953394014388323, 0.0041672103106975555, 0.004310503602027893, 0.004366735462099314, 0.004352134186774492, 0.004310880322009325, 0.004268590826541185, 0.004241521004587412, 0.0042302790097892284, 0.004228806588798761, 0.004178826231509447, 0.004092241637408733, 0.003998824395239353, 0.003930054605007172, 0.0038623663131147623, 0.003786184825003147, 0.0037187086418271065, 0.003689606674015522, 0.0036943028680980206, 0.0037515563890337944, 0.003819181816652417, 0.0038206835743039846, 0.0037874197587370872, 0.003726726630702615, 0.0037077267188578844, 0.0036769420839846134, 0.003641946939751506, 0.0035671524237841368, 0.0034683654084801674, 0.0033584663178771734, 0.003261654870584607, 0.0032000963110476732, 0.0031842621974647045, 0.0031949339900165796, 0.0031823283061385155, 0.003157811937853694, 0.0031314226798713207, 0.0031468805391341448, 0.00317127862945199, 0.003190654097124934, 0.0031944371294230223, 0.0031349165365099907, 0.003005900653079152, 0.002918306505307555, 0.0028764470480382442, 0.002921472070738673, 0.0029923419933766127, 0.0029997036326676607, 0.0029707644134759903, 0.0029385220259428024, 0.002883166540414095
PPFD Spectrum, 0.0, 0.0, 0.007337578106671572, 0.008308357559144497, 0.009182550944387913, 0.01005470473319292, 0.010887030512094498, 0.011525035835802555, 0.012005949392914772, 0.012659345753490925, 0.013713778927922249, 0.014807439409196377, 0.01590600796043873, 0.016730405390262604, 0.017207283526659012, 0.017400411888957024, 0.017174923792481422, 0.016618387773633003, 0.015868019312620163, 0.015124218538403511, 0.014666898176074028, 0.014602120965719223, 0.014996019192039967, 0.01577278971672058, 0.016855690628290176, 0.017941506579518318, 0.018738621845841408, 0.019165601581335068, 0.019283436238765717, 0.019280843436717987, 0.019270125776529312, 0.019325217232108116, 0.019450822845101357, 0.01962081715464592, 0.019563592970371246, 0.019329294562339783, 0.01905519887804985, 0.018891772255301476, 0.01872784085571766, 0.018516715615987778, 0.0183421578258276, 0.018352841958403587, 0.018530623987317085, 0.01897462271153927, 0.019476300105452538, 0.019643662497401237, 0.019630953669548035, 0.019472146406769753, 0.019527854397892952, 0.019519414752721786, 0.019485872238874435, 0.019234798848628998, 0.01884709671139717, 0.018390290439128876, 0.01799650676548481, 0.017790615558624268, 0.017835689708590508, 0.01802901178598404, 0.018090900033712387, 0.01808352582156658, 0.018063299357891083, 0.018284006044268608, 0.0185583233833313, 0.0, 0.0, 0.0, 0.0, 0.0, 0.0, 0.0, 0.0, 0.0, 0.0, 0.0, 0.0
Photopic Lux, 293
Cyanopic Lux, 281
Melanopic Lux, 291
Rhodopic Lux, 294
Chloropic Lux, 295
Erythropic Lux, 289
PPFD, 5
PPFD-R, 2
PPFD-G, 2
PPFD-B, 1
CCT, 5787
CRI, 98
XYZ, 281, 293, 288
xy, 0.3261, 0.3395
uv, 0.2031, 0.4758

File Name, test_jesse thuis 
Device Address, FD:F6:CE:B9:1D:66
Sensor ID, C9-96-74-54-73
Modify Time, 2020-04-13 13:41:24
Is Saturate, not
Integration Time(ms), 31.952
Wavelength, 390, 395, 400, 405, 410, 415, 420, 425, 430, 435, 440, 445, 450, 455, 460, 465, 470, 475, 480, 485, 490, 495, 500, 505, 510, 515, 520, 525, 530, 535, 540, 545, 550, 555, 560, 565, 570, 575, 580, 585, 590, 595, 600, 605, 610, 615, 620, 625, 630, 635, 640, 645, 650, 655, 660, 665, 670, 675, 680, 685, 690, 695, 700, 705, 710, 715, 720, 725, 730, 735, 740, 745, 750, 755, 760
Spectrum, 0.0018273161258548498, 0.001969899982213974, 0.002179363975301385, 0.0023639474529772997, 0.0025300767738372087, 0.002695014700293541, 0.0028512729331851006, 0.002957294462248683, 0.0030485622119158506, 0.0031849241349846125, 0.0033757511992007494, 0.003553628223016858, 0.0037260025274008512, 0.003861749544739723, 0.00394634623080492, 0.003990303725004196, 0.003924654331058264, 0.003789990209043026, 0.0036036507226526737, 0.0034070268739014864, 0.00326799345202744, 0.003215552307665348, 0.0032530929893255234, 0.0033687942195683718, 0.003532388946041465, 0.003693148260936141, 0.003782865358516574, 0.003798404475674033, 0.003763394895941019, 0.003720542648807168, 0.0036916148383170366, 0.0036839903332293034, 0.00369861233048141, 0.0037188974674791098, 0.0037110643461346626, 0.003672283375635743, 0.003610057756304741, 0.0035432970616966486, 0.0034724692814052105, 0.0033986056223511696, 0.00333108427003026, 0.003283316269516945, 0.003253177972510457, 0.0032675894908607006, 0.0033076994586735964, 0.0033249957486987114, 0.0033066675532609224, 0.003246922977268696, 0.0031793834641575813, 0.003141695400699973, 0.0031208829022943974, 0.0031046008225530386, 0.003073744010180235, 0.0030299711506813765, 0.002973865484818816, 0.002923421561717987, 0.00288630579598248, 0.0028698532842099667, 0.0028519921470433474, 0.0028383026365190744, 0.002827343065291643, 0.002850509015843272, 0.0028686351142823696, 0.0028725103475153446, 0.0028408593498170376, 0.0027960026636719704, 0.0027416066732257605, 0.002724062418565154, 0.002745842095464468, 0.0028025961946696043, 0.002833625301718712, 0.0028174384497106075, 0.0027401584666222334, 0.0026547384914010763, 0.002568871481344104
PPFD Spectrum, 0.0, 0.0, 0.007287793327122927, 0.008003853261470795, 0.00867209117859602, 0.009350083768367767, 0.01001138985157013, 0.010507266968488693, 0.010958971455693245, 0.011582295410335064, 0.012417363002896309, 0.013220207765698433, 0.01401722151786089, 0.01468932256102562, 0.015176068991422653, 0.015511906705796719, 0.01542075164616108, 0.015050050802528858, 0.01446072943508625, 0.013814130797982216, 0.01338700857013464, 0.01330659817904234, 0.013597928918898106, 0.014222375117242336, 0.015060693956911564, 0.01590047962963581, 0.016444873064756393, 0.016671197488904, 0.01667485013604164, 0.016640499234199524, 0.016665425151586533, 0.016784997656941414, 0.017006220296025276, 0.017254941165447235, 0.017373718321323395, 0.017345663160085678, 0.017202647402882576, 0.017032628878951073, 0.016837308183312416, 0.016621220856904984, 0.016430240124464035, 0.016331871971488, 0.0163179412484169, 0.01652681455016136, 0.016867944970726967, 0.017095133662223816, 0.017139120027422905, 0.016965173184871674, 0.016745176166296005, 0.01667800359427929, 0.016697971150279045, 0.016740629449486732, 0.016702724620699883, 0.016591515392065048, 0.01640859991312027, 0.016252469271421432, 0.016166776418685913, 0.016194581985473633, 0.016213005408644676, 0.016253823414444923, 0.01630924642086029, 0.016562027856707573, 0.016787253320217133, 0.0, 0.0, 0.0, 0.0, 0.0, 0.0, 0.0, 0.0, 0.0, 0.0, 0.0, 0.0
Photopic Lux, 259
Cyanopic Lux, 253
Melanopic Lux, 261
Rhodopic Lux, 262
Chloropic Lux, 262
Erythropic Lux, 256
PPFD, 5
PPFD-R, 2
PPFD-G, 2
PPFD-B, 1
CCT, 5855
CRI, 98
XYZ, 249, 259, 259
xy, 0.3247, 0.3377
uv, 0.2029, 0.4746

File Name, test_jesse thuis 
Device Address, FD:F6:CE:B9:1D:66
Sensor ID, C9-96-74-54-73
Modify Time, 2020-04-13 13:41:54
Is Saturate, not
Integration Time(ms), 91.232
Wavelength, 390, 395, 400, 405, 410, 415, 420, 425, 430, 435, 440, 445, 450, 455, 460, 465, 470, 475, 480, 485, 490, 495, 500, 505, 510, 515, 520, 525, 530, 535, 540, 545, 550, 555, 560, 565, 570, 575, 580, 585, 590, 595, 600, 605, 610, 615, 620, 625, 630, 635, 640, 645, 650, 655, 660, 665, 670, 675, 680, 685, 690, 695, 700, 705, 710, 715, 720, 725, 730, 735, 740, 745, 750, 755, 760
Spectrum, 0.0003030424122698605, 0.0003284878621343523, 0.00035804626531898975, 0.00037457855069078505, 0.0003888437058776617, 0.0004172620829194784, 0.00046025944175198674, 0.0005110104684717953, 0.0005775245372205973, 0.0006738246884196997, 0.000752423657104373, 0.0007810716051608324, 0.0007952500018291175, 0.0008094902732409537, 0.0008250081446021795, 0.0008487665327265859, 0.0008475430659018457, 0.0008160748984664679, 0.0007509465212933719, 0.0006664613028988242, 0.0006018252461217344, 0.0005824522231705487, 0.0006085114437155426, 0.0006769822794012725, 0.0007737063569948077, 0.0008668035734444857, 0.0009203726658597589, 0.0009354903013445437, 0.0009195788879878819, 0.0008959387778304517, 0.00088912108913064, 0.0009070541127584875, 0.0009491165983490646, 0.0010011647827923298, 0.0010375609854236245, 0.0010467441752552986, 0.0010336011182516813, 0.0010081151267513633, 0.0009833077201619744, 0.0009394126827828586, 0.0009133516578003764, 0.0009114104905165732, 0.0009284549159929156, 0.0009630608838051558, 0.000992888817563653, 0.0009893439710140228, 0.0009681142400950193, 0.0009355784277431667, 0.000908802030608058, 0.0008982026483863592, 0.0009068584186024964, 0.0009351861081086099, 0.000959552766289562, 0.0009807770838961005, 0.0009932726388797164, 0.000991252833046019, 0.0009797131642699242, 0.0009577919263392687, 0.0009249509894289076, 0.0008901034598238766, 0.0008644062327221036, 0.0008694792632013559, 0.0008967131725512445, 0.0009270778391510248, 0.000940147612709552, 0.0009299368830397725, 0.0009052229579538107, 0.0008912167977541685, 0.0008956416859291494, 0.0009185815579257905, 0.0009355081128887832, 0.0009254952310584486, 0.0009057353599928319, 0.0008870587917044759, 0.0008733333088457584
PPFD Spectrum, 0.0, 0.0, 0.0011973066721111536, 0.0012682480737566948, 0.0013328007189556956, 0.00144764909055084, 0.0016160629456862807, 0.0018156202277168632, 0.002076085191220045, 0.002450430765748024, 0.002767715137451887, 0.002905742498114705, 0.0029917305801063776, 0.0030791391618549824, 0.0031726513989269733, 0.0032994949724525213, 0.003330166218802333, 0.003240633523091674, 0.003013398265466094, 0.0027022340800613165, 0.002465317025780678, 0.0024103038012981415, 0.0025435779243707657, 0.0028580836951732635, 0.0032987743616104126, 0.00373193621635437, 0.004001044202595949, 0.004105866886675358, 0.004074470140039921, 0.00400717556476593, 0.004013848025351763, 0.004132720176130533, 0.004364038351923227, 0.004645204171538353, 0.004857445601373911, 0.004944191314280033, 0.004925316199660301, 0.00484600942581892, 0.004767862614244223, 0.004594291560351849, 0.0045050159096717834, 0.00453353812918067, 0.004657129757106304, 0.004870969336479902, 0.005063335876911879, 0.0050866128876805305, 0.005017929710447788, 0.004888397175818682, 0.004786478355526924, 0.0047681983560323715, 0.0048520551063120365, 0.005042710341513157, 0.005214209668338299, 0.0053705391474068165, 0.005480481311678886, 0.005510771181434393, 0.005487569607794285, 0.00540481973439455, 0.005258161574602127, 0.005097266286611557, 0.004986240994185209, 0.005051848478615284, 0.0052475654520094395, 0.0, 0.0, 0.0, 0.0, 0.0, 0.0, 0.0, 0.0, 0.0, 0.0, 0.0, 0.0
Photopic Lux, 68
Cyanopic Lux, 52
Melanopic Lux, 56
Rhodopic Lux, 58
Chloropic Lux, 65
Erythropic Lux, 67
PPFD, 1
PPFD-R, 1
PPFD-G, 0
PPFD-B, 0
CCT, 4600
CRI, 95
XYZ, 67, 68, 53
xy, 0.3573, 0.3594
uv, 0.2166, 0.4902

File Name, test_jesse thuis 
Device Address, FD:F6:CE:B9:1D:66
Sensor ID, C9-96-74-54-73
Modify Time, 2020-04-13 13:42:24
Is Saturate, not
Integration Time(ms), 91.232
Wavelength, 390, 395, 400, 405, 410, 415, 420, 425, 430, 435, 440, 445, 450, 455, 460, 465, 470, 475, 480, 485, 490, 495, 500, 505, 510, 515, 520, 525, 530, 535, 540, 545, 550, 555, 560, 565, 570, 575, 580, 585, 590, 595, 600, 605, 610, 615, 620, 625, 630, 635, 640, 645, 650, 655, 660, 665, 670, 675, 680, 685, 690, 695, 700, 705, 710, 715, 720, 725, 730, 735, 740, 745, 750, 755, 760
Spectrum, 0.000288705195998773, 0.00031287697493098676, 0.0003439683932811022, 0.00036288684350438416, 0.0003750308242160827, 0.00039542929152958095, 0.0004268748452886939, 0.00046224016114138067, 0.0005090265767648816, 0.0005840682424604893, 0.0006528908270411193, 0.0006864288588985801, 0.0007129477453418076, 0.0007347463979385793, 0.0007493164157494903, 0.0007674786611460149, 0.0007571836467832327, 0.0007138195214793086, 0.0006404906162060797, 0.0005533211515285075, 0.0004895374295301735, 0.000471517036203295, 0.0004976856289431453, 0.0005633154651150107, 0.0006520217284560204, 0.0007353357505053282, 0.000779053196310997, 0.0007929274579510093, 0.0007854489958845079, 0.0007745868642814457, 0.0007755570113658905, 0.0007892741705290973, 0.0008153112721629441, 0.0008477556402795017, 0.0008734318544156849, 0.0008898328524082899, 0.0008938427781686187, 0.0008900199318304658, 0.0008681426406838, 0.0008284035720862448, 0.0007944706012494862, 0.0007771244854666293, 0.0007776297861710191, 0.0007959200302138925, 0.0008176270057447255, 0.0008218440925702453, 0.0008200212032534182, 0.0008137333206832409, 0.0008111326606012881, 0.0008065718575380743, 0.0008049263851717114, 0.0008102950523607433, 0.0008099045371636748, 0.0008134806994348764, 0.0008212215034291148, 0.0008332031429745257, 0.0008380000945180655, 0.0008273122366517782, 0.0008029298624023795, 0.0007742593297734857, 0.0007512218435294926, 0.0007519010687246919, 0.0007728436030447483, 0.0008000295492820442, 0.0008120684651657939, 0.0008037826628424227, 0.0007773977122269571, 0.0007704055169597268, 0.0007755841943435371, 0.0007992092869244516, 0.0008192180539481342, 0.0008194611873477697, 0.0008151113870553672, 0.0008066575974225998, 0.0007987776189111173
PPFD Spectrum, 0.0, 0.0, 0.0011502302950248122, 0.0012286623241379857, 0.0012854556553065777, 0.0013719024136662483, 0.0014988429611548781, 0.0016423392808064818, 0.0018298487411811948, 0.0021240224596112967, 0.00240159360691905, 0.0025536527391523123, 0.0026821093633770943, 0.0027948282659053802, 0.0028815711848437786, 0.0029834965243935585, 0.0029751260299235582, 0.0028345773462206125, 0.0025701606646180153, 0.002243496011942625, 0.0020053412299603224, 0.0019512318540364504, 0.0020803259685635567, 0.0023782053031027317, 0.002779959933832288, 0.0031659144442528486, 0.0033867000602185726, 0.0034801585134118795, 0.0034801673609763384, 0.0034644172992557287, 0.0035011745058000088, 0.0035960909444838762, 0.003748801304027438, 0.0039334166795015335, 0.004089058376848698, 0.004203036427497864, 0.0042593395337462425, 0.004278325941413641, 0.004209449980407953, 0.004051390569657087, 0.003918646834790707, 0.0038655726239085197, 0.0039005910512059927, 0.004025604110211134, 0.0041695707477629185, 0.004225429147481918, 0.004250334110110998, 0.004251756705343723, 0.00427207350730896, 0.004281767178326845, 0.00430667819455266, 0.004369272850453854, 0.004401021171361208, 0.00445445766672492, 0.004531171638518572, 0.004632109776139259, 0.004693806171417236, 0.004668523091822863, 0.004564495757222176, 0.004433873575180769, 0.004333348013460636, 0.004368695430457592, 0.0045226807706058025, 0.0, 0.0, 0.0, 0.0, 0.0, 0.0, 0.0, 0.0, 0.0, 0.0, 0.0, 0.0
Photopic Lux, 58
Cyanopic Lux, 46
Melanopic Lux, 48
Rhodopic Lux, 50
Chloropic Lux, 55
Erythropic Lux, 57
PPFD, 1
PPFD-R, 0
PPFD-G, 0
PPFD-B, 0
CCT, 4659
CRI, 95
XYZ, 58, 58, 47
xy, 0.3550, 0.3555
uv, 0.2166, 0.4880

File Name, test_jesse thuis 
Device Address, FD:F6:CE:B9:1D:66
Sensor ID, C9-96-74-54-73
Modify Time, 2020-04-13 13:42:54
Is Saturate, not
Integration Time(ms), 91.232
Wavelength, 390, 395, 400, 405, 410, 415, 420, 425, 430, 435, 440, 445, 450, 455, 460, 465, 470, 475, 480, 485, 490, 495, 500, 505, 510, 515, 520, 525, 530, 535, 540, 545, 550, 555, 560, 565, 570, 575, 580, 585, 590, 595, 600, 605, 610, 615, 620, 625, 630, 635, 640, 645, 650, 655, 660, 665, 670, 675, 680, 685, 690, 695, 700, 705, 710, 715, 720, 725, 730, 735, 740, 745, 750, 755, 760
Spectrum, 0.0002873921184800565, 0.0003091127728112042, 0.00033291164436377585, 0.0003486748319119215, 0.00036339080543257296, 0.0003901239251717925, 0.00043041829485446215, 0.0004749952640850097, 0.000537538027856499, 0.0006262008100748062, 0.0007040446507744491, 0.0007496456964872777, 0.0007759021245874465, 0.0007921217475086451, 0.0007980240625329316, 0.000798961438704282, 0.0007709881756454706, 0.0007199028041213751, 0.0006498415023088455, 0.0005772164440713823, 0.0005281128687784076, 0.0005156210390850902, 0.0005438819644041359, 0.0006105293286964297, 0.00069502490805462, 0.0007796935387887061, 0.0008379400824196637, 0.0008693546988070011, 0.000871523458044976, 0.0008589386707171798, 0.0008513051434420049, 0.0008587140473537147, 0.000883435015566647, 0.0009158188477158546, 0.0009409054764546454, 0.0009480102453380823, 0.0009389522019773722, 0.0009199850610457361, 0.000883240660186857, 0.0008448846638202667, 0.0008206682978197932, 0.0008183546597138047, 0.0008404756081290543, 0.0008856916101649404, 0.0009279455989599228, 0.000936749333050102, 0.0009133049752563238, 0.0008739552577026188, 0.0008371063158847392, 0.0008218390285037458, 0.000825980503577739, 0.0008447188301943243, 0.0008593335514888167, 0.000869586190674454, 0.0008713291026651859, 0.0008673587581142783, 0.0008618418360128999, 0.0008535988163203001, 0.0008373683085665107, 0.0008158338023349643, 0.0007933381129987538, 0.00079180090688169, 0.0008038377272896469, 0.000828149204608053, 0.0008443285478278995, 0.0008435513009317219, 0.0008236534777097404, 0.0008147151092998683, 0.0008169240318238735, 0.0008357352344319224, 0.0008498320239596069, 0.0008392774616368115, 0.0008320758352056146, 0.0008282963535748422, 0.000832130666822195
PPFD Spectrum, 0.0, 0.0, 0.001113256555981934, 0.0011805432150140405, 0.0012455583782866597, 0.0013534959871321917, 0.00151128473225981, 0.001687658135779202, 0.0019323417218402028, 0.002277241786941886, 0.002589757787063718, 0.0027888319455087185, 0.002918943762779236, 0.003013072768226266, 0.003068881342187524, 0.003105882788076997, 0.003029366722330451, 0.002858733991160989, 0.0026076838839799166, 0.002340381732210517, 0.0021633615251630545, 0.002133742906153202, 0.0022734266240149736, 0.0025775327812880278, 0.0029633082449436188, 0.003356892615556717, 0.0036426931619644165, 0.003815597854554653, 0.0038615460507571697, 0.0038416890893131495, 0.0038431319408118725, 0.003912473097443581, 0.00406203418970108, 0.004249216057360172, 0.004404942970722914, 0.004477831535041332, 0.00447429483756423, 0.004422368016093969, 0.004282657522708178, 0.0041319928131997585, 0.004047864116728306, 0.004070659633725882, 0.004215825814753771, 0.004479650873690844, 0.004732151515781879, 0.004816202912479639, 0.004733842331916094, 0.004566416144371033, 0.004408871755003929, 0.004362814594060183, 0.004419326316565275, 0.004554892890155315, 0.00466961832717061, 0.004761680029332638, 0.004807645455002785, 0.004821994341909885, 0.00482734851539135, 0.004816858097910881, 0.004760271403938532, 0.004671954084187746, 0.004576291423290968, 0.004600521642714739, 0.0047040581703186035, 0.0, 0.0, 0.0, 0.0, 0.0, 0.0, 0.0, 0.0, 0.0, 0.0, 0.0, 0.0
Photopic Lux, 62
Cyanopic Lux, 49
Melanopic Lux, 51
Rhodopic Lux, 54
Chloropic Lux, 59
Erythropic Lux, 61
PPFD, 1
PPFD-R, 0
PPFD-G, 0
PPFD-B, 0
CCT, 4669
CRI, 95
XYZ, 62, 62, 50
xy, 0.3549, 0.3567
uv, 0.2160, 0.4886

File Name, test_jesse thuis 
Device Address, FD:F6:CE:B9:1D:66
Sensor ID, C9-96-74-54-73
Modify Time, 2020-04-13 13:43:24
Is Saturate, not
Integration Time(ms), 13.530
Wavelength, 390, 395, 400, 405, 410, 415, 420, 425, 430, 435, 440, 445, 450, 455, 460, 465, 470, 475, 480, 485, 490, 495, 500, 505, 510, 515, 520, 525, 530, 535, 540, 545, 550, 555, 560, 565, 570, 575, 580, 585, 590, 595, 600, 605, 610, 615, 620, 625, 630, 635, 640, 645, 650, 655, 660, 665, 670, 675, 680, 685, 690, 695, 700, 705, 710, 715, 720, 725, 730, 735, 740, 745, 750, 755, 760
Spectrum, 0.005323569756001234, 0.005551292095333338, 0.005982435308396816, 0.006462984252721071, 0.0069798617623746395, 0.0075049265287816525, 0.008016263134777546, 0.008411247283220291, 0.008638888597488403, 0.008830384351313114, 0.009036026895046234, 0.009274224750697613, 0.009683893993496895, 0.010013052262365818, 0.010222399607300758, 0.010336760431528091, 0.01018764078617096, 0.00984538346529007, 0.009405835531651974, 0.009030323475599289, 0.008818434551358223, 0.008733321912586689, 0.00879138708114624, 0.008953036740422249, 0.009149880148470402, 0.009279701858758926, 0.009296181611716747, 0.009221171960234642, 0.00906808115541935, 0.00887905340641737, 0.008706387132406235, 0.00861808005720377, 0.008582673966884613, 0.008545964024960995, 0.0084159467369318, 0.00820986833423376, 0.007997613400220871, 0.007865636609494686, 0.007759821135550737, 0.007695861626416445, 0.007641343865543604, 0.007583425845950842, 0.007504391949623823, 0.007459521293640137, 0.0074285417795181274, 0.007370946928858757, 0.007277504075318575, 0.0071432399563491344, 0.0070482767187058926, 0.007052377797663212, 0.007049259729683399, 0.00698303384706378, 0.006890555843710899, 0.006743879988789558, 0.006548650097101927, 0.006272431463003159, 0.006003253161907196, 0.005836480762809515, 0.005745537579059601, 0.0056986515410244465, 0.005646931007504463, 0.005612230859696865, 0.0055711837485432625, 0.005583957768976688, 0.0056591760367155075, 0.005764593370258808, 0.005747547838836908, 0.005694462452083826, 0.0055925073102116585, 0.005512675736099482, 0.00540341017767787, 0.0053360252641141415, 0.005227011162787676, 0.005062298383563757, 0.004855895880609751
PPFD Spectrum, 0.0, 0.0, 0.02000526338815689, 0.021882371976971626, 0.023924173787236214, 0.026037592440843582, 0.02814670279622078, 0.02988516166806221, 0.03105507604777813, 0.03211257606744766, 0.03323812037706375, 0.03450196981430054, 0.036430809646844864, 0.038087647408246994, 0.03931125998497009, 0.04018312320113182, 0.04002927988767624, 0.03909601643681526, 0.03774373605847359, 0.036614350974559784, 0.03612383455038071, 0.036140233278274536, 0.036747999489307404, 0.03779793158173561, 0.039011429995298386, 0.039952829480171204, 0.040412358939647675, 0.040471725165843964, 0.04017885401844978, 0.03971245512366295, 0.03930411487817764, 0.039265695959329605, 0.03946313634514809, 0.03965156525373459, 0.039400096982717514, 0.03877849131822586, 0.03811022639274597, 0.03781011700630188, 0.03762581944465637, 0.0376373790204525, 0.037690162658691406, 0.03772147744894028, 0.03764202818274498, 0.03772876784205437, 0.037882592529058456, 0.03789698705077171, 0.037720758467912674, 0.03732343018054962, 0.037121862173080444, 0.037438251078128815, 0.03771635890007019, 0.03765391558408737, 0.03744328022003174, 0.03692813962697983, 0.03613283112645149, 0.03487095609307289, 0.033625420182943344, 0.032935261726379395, 0.03266223147511482, 0.03263389691710472, 0.03257375583052635, 0.03260818496346474, 0.032602567225694656, 0.0, 0.0, 0.0, 0.0, 0.0, 0.0, 0.0, 0.0, 0.0, 0.0, 0.0, 0.0
Photopic Lux, 606
Cyanopic Lux, 673
Melanopic Lux, 672
Rhodopic Lux, 663
Chloropic Lux, 631
Erythropic Lux, 601
PPFD, 11
PPFD-R, 4
PPFD-G, 4
PPFD-B, 3
CCT, 6741
CRI, 99
XYZ, 579, 606, 688
xy, 0.3093, 0.3235
uv, 0.1975, 0.4649

File Name, test_jesse thuis 
Device Address, FD:F6:CE:B9:1D:66
Sensor ID, C9-96-74-54-73
Modify Time, 2020-04-13 13:43:54
Is Saturate, not
Integration Time(ms), 6.416
Wavelength, 390, 395, 400, 405, 410, 415, 420, 425, 430, 435, 440, 445, 450, 455, 460, 465, 470, 475, 480, 485, 490, 495, 500, 505, 510, 515, 520, 525, 530, 535, 540, 545, 550, 555, 560, 565, 570, 575, 580, 585, 590, 595, 600, 605, 610, 615, 620, 625, 630, 635, 640, 645, 650, 655, 660, 665, 670, 675, 680, 685, 690, 695, 700, 705, 710, 715, 720, 725, 730, 735, 740, 745, 750, 755, 760
Spectrum, 0.012355501763522625, 0.013870177790522575, 0.0157332681119442, 0.017291126772761345, 0.018257450312376022, 0.018985334783792496, 0.01937456801533699, 0.019172776490449905, 0.0186370350420475, 0.018375610932707787, 0.018910730257630348, 0.0198587067425251, 0.020985184237360954, 0.02184508927166462, 0.022484488785266876, 0.022773878648877144, 0.022524744272232056, 0.021758588030934334, 0.020667366683483124, 0.01947445049881935, 0.01851731352508068, 0.017893090844154358, 0.017644386738538742, 0.017773112282156944, 0.01809532195329666, 0.018335647881031036, 0.018426693975925446, 0.018337814137339592, 0.018084922805428505, 0.01775001920759678, 0.01754407398402691, 0.017506178468465805, 0.017638400197029114, 0.01790282502770424, 0.017892589792609215, 0.01762446016073227, 0.01719193160533905, 0.016593720763921738, 0.01595061831176281, 0.015218531712889671, 0.014552682638168335, 0.014222393743693829, 0.014217893593013287, 0.014484617859125137, 0.014712017960846424, 0.014604895375669003, 0.014259269461035728, 0.013775879517197609, 0.013602524064481258, 0.013178075663745403, 0.012861468829214573, 0.0126498993486166, 0.012407644651830196, 0.012235014699399471, 0.012171341106295586, 0.012299800291657448, 0.012569968588650227, 0.012758503668010235, 0.012626172974705696, 0.012291710823774338, 0.011916869319975376, 0.011738319881260395, 0.011750851757824421, 0.011820372194051743, 0.011747781187295914, 0.01146040391176939, 0.010982020758092403, 0.010678200982511044, 0.010656716302037239, 0.011068192310631275, 0.01141196209937334, 0.011354560032486916, 0.010895214043557644, 0.010395228862762451, 0.009699809364974499
PPFD Spectrum, 0.0, 0.0, 0.052612047642469406, 0.05854429677128792, 0.06257923692464828, 0.06586772203445435, 0.06802798062562943, 0.06812087446451187, 0.06699641048908234, 0.06682474911212921, 0.06956122815608978, 0.07387836277484894, 0.07894626259803772, 0.08309435099363327, 0.08646634966135025, 0.08853117376565933, 0.08850422501564026, 0.08640335500240326, 0.08293400704860687, 0.07896110415458679, 0.07585432380437851, 0.07404518872499466, 0.07375353574752808, 0.07503452897071838, 0.07715121656656265, 0.07894229888916016, 0.0801045224070549, 0.08048466593027115, 0.0801306739449501, 0.07938873767852783, 0.07920096814632416, 0.07976164668798447, 0.08110136538743973, 0.08306552469730377, 0.08376594632863998, 0.08324737846851349, 0.0819229930639267, 0.07976601272821426, 0.07734135538339615, 0.07442775368690491, 0.07177965342998505, 0.07074502855539322, 0.07131695747375488, 0.07326029986143112, 0.07502540946006775, 0.07508961111307144, 0.07390864193439484, 0.07197897136211395, 0.07164177298545837, 0.06995712965726852, 0.0688140019774437, 0.06821078807115555, 0.06742314249277115, 0.0669964924454689, 0.0671565905213356, 0.06837950646877289, 0.07040690630674362, 0.07199623435735703, 0.07177726924419403, 0.07038971036672592, 0.06874126940965652, 0.06820198893547058, 0.06876598298549652, 0.0, 0.0, 0.0, 0.0, 0.0, 0.0, 0.0, 0.0, 0.0, 0.0, 0.0, 0.0
Photopic Lux, 1222
Cyanopic Lux, 1474
Melanopic Lux, 1414
Rhodopic Lux, 1380
Chloropic Lux, 1293
Erythropic Lux, 1215
PPFD, 23
PPFD-R, 7
PPFD-G, 8
PPFD-B, 8
CCT, 7325
CRI, 98
XYZ, 1165, 1222, 1479
xy, 0.3014, 0.3161
uv, 0.1948, 0.4595

File Name, test_jesse thuis 
Device Address, FD:F6:CE:B9:1D:66
Sensor ID, C9-96-74-54-73
Modify Time, 2020-04-13 13:44:24
Is Saturate, not
Integration Time(ms), 4.592
Wavelength, 390, 395, 400, 405, 410, 415, 420, 425, 430, 435, 440, 445, 450, 455, 460, 465, 470, 475, 480, 485, 490, 495, 500, 505, 510, 515, 520, 525, 530, 535, 540, 545, 550, 555, 560, 565, 570, 575, 580, 585, 590, 595, 600, 605, 610, 615, 620, 625, 630, 635, 640, 645, 650, 655, 660, 665, 670, 675, 680, 685, 690, 695, 700, 705, 710, 715, 720, 725, 730, 735, 740, 745, 750, 755, 760
Spectrum, 0.018321283161640167, 0.020471084862947464, 0.023154620081186295, 0.02546468935906887, 0.02692766860127449, 0.02802327461540699, 0.02858034148812294, 0.02822199836373329, 0.027378583326935768, 0.026891104876995087, 0.027672531083226204, 0.029012179002165794, 0.030516060069203377, 0.03177734464406967, 0.03273571655154228, 0.03317714110016823, 0.033042989671230316, 0.032137464731931686, 0.030649330466985703, 0.0288403183221817, 0.02729804255068302, 0.026244524866342545, 0.025827929377555847, 0.026023490354418755, 0.02665753848850727, 0.0272148959338665, 0.027493128553032875, 0.02745273895561695, 0.027242444455623627, 0.027020996436476707, 0.026771018281579018, 0.0264819897711277, 0.02623020112514496, 0.026115592569112778, 0.02584272064268589, 0.025558173656463623, 0.02527785860002041, 0.02493908442556858, 0.024363089352846146, 0.023668961599469185, 0.02275625430047512, 0.022011931985616684, 0.021548740565776825, 0.02154671773314476, 0.021743303164839745, 0.02162834443151951, 0.021302711218595505, 0.020691897720098495, 0.02033071406185627, 0.019640162587165833, 0.01896682381629944, 0.018428420647978783, 0.017681680619716644, 0.01699729822576046, 0.01659068465232849, 0.01681138388812542, 0.01770727150142193, 0.01872910000383854, 0.019140522927045822, 0.01894165202975273, 0.018361007794737816, 0.01789708435535431, 0.017605246976017952, 0.017439579591155052, 0.017162326723337173, 0.016574934124946594, 0.01554157119244337, 0.01494317315518856, 0.014801889657974243, 0.015429182909429073, 0.016038376837968826, 0.016045555472373962, 0.015376559458673, 0.014670147560536861, 0.0137948514893651
PPFD Spectrum, 0.0, 0.0, 0.07742904871702194, 0.08621834218502045, 0.0922972783446312, 0.09722395241260529, 0.10035129636526108, 0.1002727597951889, 0.09842053055763245, 0.09779219329357147, 0.10179063677787781, 0.10793110728263855, 0.11480141431093216, 0.12087466567754745, 0.12588846683502197, 0.12897281348705292, 0.12983252108097076, 0.12761786580085754, 0.12298963218927383, 0.11693595349788666, 0.11182370036840439, 0.10860509425401688, 0.10796074569225311, 0.10986597090959549, 0.11365707963705063, 0.11717101186513901, 0.11951813101768494, 0.12049007415771484, 0.12070582062005997, 0.12085410952568054, 0.12085508555173874, 0.12065724283456802, 0.12060646712779999, 0.12117112427949905, 0.12098528444766998, 0.1207214742898941, 0.12045405060052872, 0.11988218128681183, 0.11813174933195114, 0.11575542390346527, 0.11224295198917389, 0.1094917505979538, 0.10808848589658737, 0.1089789867401123, 0.11088214814662933, 0.11119996756315231, 0.11041621118783951, 0.10811516642570496, 0.10707780718803406, 0.10426176339387894, 0.10148009657859802, 0.09936972707509995, 0.09608225524425507, 0.09307380765676498, 0.09154076129198074, 0.09346120804548264, 0.09918197244405746, 0.10568831115961075, 0.10881004482507706, 0.10847126692533493, 0.10591363906860352, 0.10398563742637634, 0.1030259057879448, 0.0, 0.0, 0.0, 0.0, 0.0, 0.0, 0.0, 0.0, 0.0, 0.0, 0.0, 0.0
Photopic Lux, 1827
Cyanopic Lux, 2159
Melanopic Lux, 2085
Rhodopic Lux, 2041
Chloropic Lux, 1924
Erythropic Lux, 1813
PPFD, 33
PPFD-R, 11
PPFD-G, 12
PPFD-B, 11
CCT, 7141
CRI, 98
XYZ, 1739, 1827, 2161
xy, 0.3036, 0.3191
uv, 0.1952, 0.4615

File Name, test_jesse thuis 
Device Address, FD:F6:CE:B9:1D:66
Sensor ID, C9-96-74-54-73
Modify Time, 2020-04-13 13:44:54
Is Saturate, not
Integration Time(ms), 3.680
Wavelength, 390, 395, 400, 405, 410, 415, 420, 425, 430, 435, 440, 445, 450, 455, 460, 465, 470, 475, 480, 485, 490, 495, 500, 505, 510, 515, 520, 525, 530, 535, 540, 545, 550, 555, 560, 565, 570, 575, 580, 585, 590, 595, 600, 605, 610, 615, 620, 625, 630, 635, 640, 645, 650, 655, 660, 665, 670, 675, 680, 685, 690, 695, 700, 705, 710, 715, 720, 725, 730, 735, 740, 745, 750, 755, 760
Spectrum, 0.02559860609471798, 0.026606036350131035, 0.028471775352954865, 0.030485136434435844, 0.0324244387447834, 0.03420485556125641, 0.035663820803165436, 0.036624789237976074, 0.036748677492141724, 0.03665202483534813, 0.03708633407950401, 0.038174547255039215, 0.0399046465754509, 0.041201621294021606, 0.04183545708656311, 0.041821837425231934, 0.04064220190048218, 0.03873806446790695, 0.03644862398505211, 0.034459132701158524, 0.03333914279937744, 0.03296544775366783, 0.03315348923206329, 0.033644843846559525, 0.03410863131284714, 0.03401517868041992, 0.03355662152171135, 0.033175382763147354, 0.032974474132061005, 0.03284672275185585, 0.03255925700068474, 0.03195749223232269, 0.031072836369276047, 0.030017318204045296, 0.028959395363926888, 0.02808057889342308, 0.027458952739834785, 0.02708219550549984, 0.02670927532017231, 0.026115918532013893, 0.025442983955144882, 0.024780817329883575, 0.02414153702557087, 0.02380981110036373, 0.02382698841392994, 0.02393312379717827, 0.024015503004193306, 0.023860549554228783, 0.02352924644947052, 0.023209353908896446, 0.02283276617527008, 0.022295203059911728, 0.02165687456727028, 0.020868118852376938, 0.02002844400703907, 0.019223351031541824, 0.01873006671667099, 0.018742859363555908, 0.018856797367334366, 0.0188309233635664, 0.018551766872406006, 0.018192145973443985, 0.017747804522514343, 0.017449330538511276, 0.017182687297463417, 0.016893863677978516, 0.016263853758573532, 0.016240833327174187, 0.016290554776787758, 0.016591351479291916, 0.016632435843348503, 0.016800010576844215, 0.016550855711102486, 0.015894101932644844, 0.015206766314804554
PPFD Spectrum, 0.0, 0.0, 0.09520961344242096, 0.10321657359600067, 0.1111380085349083, 0.11867032945156097, 0.1252228021621704, 0.13012787699699402, 0.13210414350032806, 0.13328875601291656, 0.13641837239265442, 0.1420169472694397, 0.1501212865114212, 0.15672272443771362, 0.16088242828845978, 0.16257821023464203, 0.15969133377075195, 0.15382885932922363, 0.1462610363960266, 0.13971799612045288, 0.13657046854496002, 0.13641761243343353, 0.13858158886432648, 0.14204180240631104, 0.14542555809020996, 0.14644895493984222, 0.14587734639644623, 0.14560675621032715, 0.14610329270362854, 0.14691025018692017, 0.1469855159521103, 0.14560472965240479, 0.1428728997707367, 0.13927435874938965, 0.1355763077735901, 0.13263580203056335, 0.13084739446640015, 0.1301841139793396, 0.12950792908668518, 0.12772251665592194, 0.12549497187137604, 0.12326474487781525, 0.12109395116567612, 0.1204252615571022, 0.12150810658931732, 0.1230497658252716, 0.12447715550661087, 0.12467136979103088, 0.12392383813858032, 0.12320917844772339, 0.12216443568468094, 0.12022019177675247, 0.11768345534801483, 0.11426964402198792, 0.11050894111394882, 0.10687030106782913, 0.10491085052490234, 0.10576595366001129, 0.1071971207857132, 0.10783716291189194, 0.1070140153169632, 0.10570000857114792, 0.10386015474796295, 0.0, 0.0, 0.0, 0.0, 0.0, 0.0, 0.0, 0.0, 0.0, 0.0, 0.0, 0.0
Photopic Lux, 2134
Cyanopic Lux, 2771
Melanopic Lux, 2598
Rhodopic Lux, 2519
Chloropic Lux, 2295
Erythropic Lux, 2117
PPFD, 40
PPFD-R, 12
PPFD-G, 14
PPFD-B, 14
CCT, 8276
CRI, 99
XYZ, 2030, 2134, 2811
xy, 0.2910, 0.3059
uv, 0.1912, 0.4522

File Name, test_jesse thuis 
Device Address, FD:F6:CE:B9:1D:66
Sensor ID, C9-96-74-54-73
Modify Time, 2020-04-13 13:45:24
Is Saturate, not
Integration Time(ms), 3.498
Wavelength, 390, 395, 400, 405, 410, 415, 420, 425, 430, 435, 440, 445, 450, 455, 460, 465, 470, 475, 480, 485, 490, 495, 500, 505, 510, 515, 520, 525, 530, 535, 540, 545, 550, 555, 560, 565, 570, 575, 580, 585, 590, 595, 600, 605, 610, 615, 620, 625, 630, 635, 640, 645, 650, 655, 660, 665, 670, 675, 680, 685, 690, 695, 700, 705, 710, 715, 720, 725, 730, 735, 740, 745, 750, 755, 760
Spectrum, 0.027232196182012558, 0.028385696932673454, 0.03051292710006237, 0.0328412689268589, 0.03506627678871155, 0.036952778697013855, 0.03847476840019226, 0.03924517706036568, 0.03884913772344589, 0.038151949644088745, 0.038407500833272934, 0.03960654139518738, 0.04159507527947426, 0.04315894842147827, 0.043959569185972214, 0.043993715196847916, 0.042666103690862656, 0.04044915735721588, 0.03777982294559479, 0.03555745631456375, 0.034373845905065536, 0.03401491045951843, 0.03428354859352112, 0.034930504858493805, 0.03554476052522659, 0.0355277918279171, 0.034997761249542236, 0.03434380143880844, 0.03365601226687431, 0.03293464705348015, 0.0322645828127861, 0.031607404351234436, 0.031022924929857254, 0.03052896074950695, 0.029926998540759087, 0.02927762269973755, 0.028752850368618965, 0.028275495395064354, 0.02755505032837391, 0.026448961347341537, 0.025418665260076523, 0.024669237434864044, 0.024188287556171417, 0.024098018184304237, 0.024206507951021194, 0.024289723485708237, 0.024469051510095596, 0.024322275072336197, 0.02397308498620987, 0.02320956066250801, 0.02233809232711792, 0.02147323079407215, 0.020800268277525902, 0.020260969176888466, 0.019826602190732956, 0.019347045570611954, 0.018843352794647217, 0.018616225570440292, 0.018525047227740288, 0.01845542900264263, 0.01836402341723442, 0.018252259120345116, 0.01806071400642395, 0.017839083448052406, 0.017633788287639618, 0.01736285537481308, 0.016736192628741264, 0.016400858759880066, 0.01615891419351101, 0.016148176044225693, 0.015901995822787285, 0.01605169102549553, 0.016140000894665718, 0.015686484053730965, 0.014985199086368084
PPFD Spectrum, 0.0, 0.0, 0.10203523188829422, 0.11119396984577179, 0.12019316852092743, 0.12820397317409515, 0.1350926011800766, 0.13943810760974884, 0.13965487480163574, 0.13874338567256927, 0.14127814769744873, 0.14734426140785217, 0.15648066997528076, 0.16416801512241364, 0.1690509170293808, 0.17102116346359253, 0.16764365136623383, 0.16062361001968384, 0.1516028791666031, 0.14417126774787903, 0.14080902934074402, 0.14076049625873566, 0.1433052271604538, 0.14746960997581482, 0.15154863893985748, 0.1529613584280014, 0.15214227139949799, 0.15073494613170624, 0.14912305772304535, 0.147303506731987, 0.14565522968769073, 0.14400964975357056, 0.14264340698719025, 0.1416482776403427, 0.1401062309741974, 0.1382899284362793, 0.13701307773590088, 0.13592030107975006, 0.13360892236232758, 0.12935128808021545, 0.12537501752376556, 0.122709721326828, 0.1213284507393837, 0.12188295274972916, 0.12344350665807724, 0.12488318234682083, 0.12682798504829407, 0.127083882689476, 0.12626144289970398, 0.12321027368307114, 0.1195177286863327, 0.11578795313835144, 0.11302866041660309, 0.11094501614570618, 0.10939525812864304, 0.10755796730518341, 0.10554538667201996, 0.10505136102437973, 0.10531118512153625, 0.10568685829639435, 0.10593103617429733, 0.10604927688837051, 0.10569129884243011, 0.0, 0.0, 0.0, 0.0, 0.0, 0.0, 0.0, 0.0, 0.0, 0.0, 0.0, 0.0
Photopic Lux, 2178
Cyanopic Lux, 2906
Melanopic Lux, 2696
Rhodopic Lux, 2606
Chloropic Lux, 2355
Erythropic Lux, 2162
PPFD, 41
PPFD-R, 12
PPFD-G, 15
PPFD-B, 15
CCT, 8622
CRI, 99
XYZ, 2073, 2178, 2949
xy, 0.2880, 0.3025
uv, 0.1903, 0.4497

File Name, test_jesse thuis 
Device Address, FD:F6:CE:B9:1D:66
Sensor ID, C9-96-74-54-73
Modify Time, 2020-04-13 13:45:54
Is Saturate, not
Integration Time(ms), 3.315
Wavelength, 390, 395, 400, 405, 410, 415, 420, 425, 430, 435, 440, 445, 450, 455, 460, 465, 470, 475, 480, 485, 490, 495, 500, 505, 510, 515, 520, 525, 530, 535, 540, 545, 550, 555, 560, 565, 570, 575, 580, 585, 590, 595, 600, 605, 610, 615, 620, 625, 630, 635, 640, 645, 650, 655, 660, 665, 670, 675, 680, 685, 690, 695, 700, 705, 710, 715, 720, 725, 730, 735, 740, 745, 750, 755, 760
Spectrum, 0.02612842619419098, 0.027647992596030235, 0.030113596469163895, 0.032598115503787994, 0.03501201793551445, 0.037260133773088455, 0.039096515625715256, 0.04013804718852043, 0.04027361050248146, 0.04002559185028076, 0.040255580097436905, 0.041386064141988754, 0.04332805424928665, 0.04503099247813225, 0.04613102227449417, 0.04649081453680992, 0.045413464307785034, 0.04345621541142464, 0.0411422960460186, 0.03913503140211105, 0.03795912116765976, 0.037371519953012466, 0.037409741431474686, 0.03796850144863129, 0.038729000836610794, 0.03914915770292282, 0.03897809982299805, 0.03832671418786049, 0.03741678595542908, 0.03658364713191986, 0.03607838600873947, 0.03587792441248894, 0.03578077629208565, 0.035638559609651566, 0.035069987177848816, 0.034116316586732864, 0.03306833654642105, 0.03208346664905548, 0.03117857687175274, 0.030466141179203987, 0.029890988022089005, 0.029537683352828026, 0.0292397141456604, 0.02903301827609539, 0.02891618385910988, 0.028698040172457695, 0.028233973309397697, 0.0275435671210289, 0.026988249272108078, 0.026754388585686684, 0.02656181901693344, 0.026144234463572502, 0.025678366422653198, 0.024976154789328575, 0.02400815300643444, 0.022876935079693794, 0.022019706666469574, 0.02187611721456051, 0.02212853543460369, 0.0224770475178957, 0.02251133695244789, 0.02218770794570446, 0.021552879363298416, 0.020930254831910133, 0.02074628509581089, 0.020704077556729317, 0.02027364820241928, 0.019920924678444862, 0.019450441002845764, 0.01912657544016838, 0.019091974943876266, 0.01913478970527649, 0.019093889743089676, 0.018690239638090134, 0.017844123765826225
PPFD Spectrum, 0.0, 0.0, 0.10069986432790756, 0.1103707030415535, 0.12000719457864761, 0.12927031517028809, 0.13727568089962006, 0.14261047542095184, 0.14477556943893433, 0.14555706083774567, 0.148076131939888, 0.15396443009376526, 0.16300013661384583, 0.1712888926267624, 0.17740145325660706, 0.18072839081287384, 0.17843858897686005, 0.17256462574005127, 0.16509580612182617, 0.1586768925189972, 0.155495747923851, 0.15465082228183746, 0.15637272596359253, 0.16029542684555054, 0.16512496769428253, 0.16855278611183167, 0.16944558918476105, 0.16821594536304474, 0.16578629612922668, 0.16362401843070984, 0.16287226974964142, 0.16346700489521027, 0.1645200103521347, 0.16535578668117523, 0.16418364644050598, 0.16114501655101776, 0.15757723152637482, 0.15422523021697998, 0.15117868781089783, 0.1489977091550827, 0.1474343091249466, 0.14692634344100952, 0.14666640758514404, 0.14684319496154785, 0.1474609673023224, 0.147548109292984, 0.14634233713150024, 0.14391513168811798, 0.14214171469211578, 0.142028346657753, 0.14211635291576385, 0.14097493886947632, 0.13953624665737152, 0.13676442205905914, 0.1324673891067505, 0.1271820366382599, 0.1233367845416069, 0.12344692647457123, 0.12579630315303802, 0.1287170648574829, 0.12985439598560333, 0.12891502678394318, 0.1261274516582489, 0.0, 0.0, 0.0, 0.0, 0.0, 0.0, 0.0, 0.0, 0.0, 0.0, 0.0, 0.0
Photopic Lux, 2477
Cyanopic Lux, 3047
Melanopic Lux, 2919
Rhodopic Lux, 2847
Chloropic Lux, 2639
Erythropic Lux, 2460
PPFD, 45
PPFD-R, 14
PPFD-G, 17
PPFD-B, 16
CCT, 7693
CRI, 99
XYZ, 2357, 2477, 3103
xy, 0.2970, 0.3121
uv, 0.1931, 0.4567

File Name, test_jesse thuis 
Device Address, FD:F6:CE:B9:1D:66
Sensor ID, C9-96-74-54-73
Modify Time, 2020-04-13 13:46:24
Is Saturate, not
Integration Time(ms), 2.403
Wavelength, 390, 395, 400, 405, 410, 415, 420, 425, 430, 435, 440, 445, 450, 455, 460, 465, 470, 475, 480, 485, 490, 495, 500, 505, 510, 515, 520, 525, 530, 535, 540, 545, 550, 555, 560, 565, 570, 575, 580, 585, 590, 595, 600, 605, 610, 615, 620, 625, 630, 635, 640, 645, 650, 655, 660, 665, 670, 675, 680, 685, 690, 695, 700, 705, 710, 715, 720, 725, 730, 735, 740, 745, 750, 755, 760
Spectrum, 0.030985580757260323, 0.03291494399309158, 0.03590710833668709, 0.03888038173317909, 0.04166612774133682, 0.044209856539964676, 0.04651039093732834, 0.04773389920592308, 0.047882892191410065, 0.04812859371304512, 0.04915939271450043, 0.05082632973790169, 0.05328768119215965, 0.055326223373413086, 0.0567837692797184, 0.05749422311782837, 0.05684594810009003, 0.05516248568892479, 0.05267171934247017, 0.050258297473192215, 0.048563152551651, 0.04766220226883888, 0.04750514030456543, 0.04797125235199928, 0.0489116795361042, 0.04963391646742821, 0.049731384962797165, 0.04922659322619438, 0.048288099467754364, 0.04731518030166626, 0.04663068428635597, 0.04639174044132233, 0.04661324620246887, 0.04692135751247406, 0.04651636630296707, 0.04521409049630165, 0.043444499373435974, 0.04172110930085182, 0.0402904748916626, 0.03945578634738922, 0.03906967118382454, 0.039053965359926224, 0.03898908197879791, 0.03896813467144966, 0.03882357478141785, 0.03854559734463692, 0.03798031061887741, 0.03710993006825447, 0.03630165755748749, 0.03575141355395317, 0.035284411162137985, 0.0348089337348938, 0.034360338002443314, 0.03383323922753334, 0.03317695111036301, 0.03220183774828911, 0.03118160367012024, 0.03059202805161476, 0.03013865277171135, 0.029710574075579643, 0.029227064922451973, 0.028861932456493378, 0.028483830392360687, 0.028286850079894066, 0.0282778088003397, 0.02845279686152935, 0.02819734252989292, 0.028108444064855576, 0.0281197652220726, 0.028305185958743095, 0.0278890710324049, 0.027191266417503357, 0.025884557515382767, 0.024305522441864014, 0.02247922122478485
PPFD Spectrum, 0.0, 0.0, 0.12007337063550949, 0.1316411942243576, 0.14281481504440308, 0.15338167548179626, 0.1633072793483734, 0.1695985496044159, 0.17212942242622375, 0.17502444982528687, 0.18082791566848755, 0.18908411264419556, 0.2004682570695877, 0.21044988930225372, 0.21836766600608826, 0.22350303828716278, 0.2233590930700302, 0.21905022859573364, 0.2113610804080963, 0.20377729833126068, 0.19893409311771393, 0.19723571836948395, 0.19857148826122284, 0.2025250345468521, 0.20853984355926514, 0.21369385719299316, 0.21619227528572083, 0.2160555124282837, 0.21395491063594818, 0.21162188053131104, 0.21050956845283508, 0.211370050907135, 0.21432770788669586, 0.21770571172237396, 0.2177710235118866, 0.21356423199176788, 0.20702172815799713, 0.20055337250232697, 0.1953604519367218, 0.19296246767044067, 0.19270724058151245, 0.19426223635673523, 0.1955692321062088, 0.19709302484989166, 0.1979846954345703, 0.19817833602428436, 0.19685953855514526, 0.19389937818050385, 0.1911935657262802, 0.18978995084762573, 0.18878571689128876, 0.18769672513008118, 0.1867140829563141, 0.18526405096054077, 0.18305714428424835, 0.1790228933095932, 0.17465439438819885, 0.17263081669807434, 0.1713322103023529, 0.1701405793428421, 0.1685934066772461, 0.1676936000585556, 0.16668736934661865, 0.0, 0.0, 0.0, 0.0, 0.0, 0.0, 0.0, 0.0, 0.0, 0.0, 0.0, 0.0
Photopic Lux, 3232
Cyanopic Lux, 3739
Melanopic Lux, 3681
Rhodopic Lux, 3612
Chloropic Lux, 3401
Erythropic Lux, 3202
PPFD, 59
PPFD-R, 19
PPFD-G, 22
PPFD-B, 20
CCT, 7130
CRI, 99
XYZ, 3067, 3232, 3804
xy, 0.3036, 0.3199
uv, 0.1949, 0.4620

File Name, test_jesse thuis 
Device Address, FD:F6:CE:B9:1D:66
Sensor ID, C9-96-74-54-73
Modify Time, 2020-04-13 13:46:54
Is Saturate, not
Integration Time(ms), 3.315
Wavelength, 390, 395, 400, 405, 410, 415, 420, 425, 430, 435, 440, 445, 450, 455, 460, 465, 470, 475, 480, 485, 490, 495, 500, 505, 510, 515, 520, 525, 530, 535, 540, 545, 550, 555, 560, 565, 570, 575, 580, 585, 590, 595, 600, 605, 610, 615, 620, 625, 630, 635, 640, 645, 650, 655, 660, 665, 670, 675, 680, 685, 690, 695, 700, 705, 710, 715, 720, 725, 730, 735, 740, 745, 750, 755, 760
Spectrum, 0.027941927313804626, 0.029150772839784622, 0.031078411266207695, 0.03300708904862404, 0.03487476333975792, 0.036583349108695984, 0.03804488852620125, 0.03891127556562424, 0.03920895978808403, 0.03955375403165817, 0.04041093960404396, 0.0418381504714489, 0.04350152611732483, 0.044744499027729034, 0.0452762134373188, 0.04512552171945572, 0.043869055807590485, 0.042044248431921005, 0.03985849395394325, 0.03798442706465721, 0.03682861104607582, 0.03627648204565048, 0.03622115030884743, 0.03653644397854805, 0.036972735077142715, 0.037168800830841064, 0.03706089407205582, 0.03677631542086601, 0.03644980490207672, 0.0361236110329628, 0.035639919340610504, 0.034869804978370667, 0.0340256467461586, 0.033310405910015106, 0.03258495032787323, 0.03183799237012863, 0.03119300678372383, 0.030662138015031815, 0.030168913304805756, 0.02951611392199993, 0.028738228604197502, 0.028052404522895813, 0.02740824967622757, 0.027137473225593567, 0.027147000655531883, 0.02695833146572113, 0.026736367493867874, 0.026270464062690735, 0.02603319101035595, 0.025735683739185333, 0.02527059055864811, 0.0246288999915123, 0.023769807070493698, 0.022829093039035797, 0.021953515708446503, 0.02135436050593853, 0.020998260006308556, 0.020933283492922783, 0.020866552367806435, 0.020808279514312744, 0.020766478031873703, 0.02081986330449581, 0.020728768780827522, 0.02047361247241497, 0.020205572247505188, 0.01979917287826538, 0.01918383128941059, 0.01866861619055271, 0.018353229388594627, 0.01834534853696823, 0.018343821167945862, 0.01852746680378914, 0.01819847896695137, 0.017751187086105347, 0.0170601699501276
PPFD Spectrum, 0.0, 0.0, 0.10392620414495468, 0.11175540089607239, 0.11953673511743546, 0.12692226469516754, 0.1335832178592682, 0.13825176656246185, 0.1409483700990677, 0.14384117722511292, 0.14864760637283325, 0.15564629435539246, 0.16365274786949158, 0.17019912600517273, 0.17411421239376068, 0.17542095482349396, 0.1723702996969223, 0.16695770621299744, 0.15994416177272797, 0.15401165187358856, 0.15086472034454346, 0.1501193344593048, 0.15140441060066223, 0.15424956381320953, 0.15763695538043976, 0.16002655029296875, 0.16111111640930176, 0.16141125559806824, 0.16150179505348206, 0.16156646609306335, 0.16089285910129547, 0.1588738113641739, 0.15644992887973785, 0.15455362200737, 0.15254969894886017, 0.1503835767507553, 0.14864091575145721, 0.1473928987979889, 0.14628303050994873, 0.1443515121936798, 0.14174844324588776, 0.13953827321529388, 0.1374797821044922, 0.13725590705871582, 0.1384388506412506, 0.1386035680770874, 0.13857993483543396, 0.13726317882537842, 0.1371116042137146, 0.1366204470396042, 0.13520777225494385, 0.13280396163463593, 0.12916512787342072, 0.12500755488872528, 0.12113071978092194, 0.11871743202209473, 0.11761545389890671, 0.1181265190243721, 0.11862217634916306, 0.11916069686412811, 0.11978935450315475, 0.1209675669670105, 0.12130475789308548, 0.0, 0.0, 0.0, 0.0, 0.0, 0.0, 0.0, 0.0, 0.0, 0.0, 0.0, 0.0
Photopic Lux, 2373
Cyanopic Lux, 3002
Melanopic Lux, 2836
Rhodopic Lux, 2758
Chloropic Lux, 2536
Erythropic Lux, 2353
PPFD, 44
PPFD-R, 13
PPFD-G, 16
PPFD-B, 16
CCT, 7955
CRI, 99
XYZ, 2260, 2373, 3047
xy, 0.2943, 0.3090
uv, 0.1923, 0.4544

File Name, test_jesse thuis 
Device Address, FD:F6:CE:B9:1D:66
Sensor ID, C9-96-74-54-73
Modify Time, 2020-04-13 13:47:24
Is Saturate, not
Integration Time(ms), 54.387
Wavelength, 390, 395, 400, 405, 410, 415, 420, 425, 430, 435, 440, 445, 450, 455, 460, 465, 470, 475, 480, 485, 490, 495, 500, 505, 510, 515, 520, 525, 530, 535, 540, 545, 550, 555, 560, 565, 570, 575, 580, 585, 590, 595, 600, 605, 610, 615, 620, 625, 630, 635, 640, 645, 650, 655, 660, 665, 670, 675, 680, 685, 690, 695, 700, 705, 710, 715, 720, 725, 730, 735, 740, 745, 750, 755, 760
Spectrum, 0.0014302580384537578, 0.0015608972171321511, 0.0017292398260906339, 0.0018739356892183423, 0.0019824563059955835, 0.002082355087623, 0.0021741315722465515, 0.0022160515654832125, 0.002241538604721427, 0.0023072948679327965, 0.002408218802884221, 0.0025067231617867947, 0.0025964940432459116, 0.0026676724664866924, 0.0027073503006249666, 0.0027187091764062643, 0.00266814767383039, 0.002556812483817339, 0.002392623806372285, 0.002210648963227868, 0.0020656816195696592, 0.001987002557143569, 0.0019847217481583357, 0.002059377497062087, 0.002184382639825344, 0.0023044231347739697, 0.0023623663000762463, 0.0023518868256360292, 0.002294350415468216, 0.0022330970969051123, 0.002193202031776309, 0.0021851069759577513, 0.0022061618510633707, 0.0022399688605219126, 0.002243726048618555, 0.0022084249649196863, 0.0021497386042028666, 0.002083671046420932, 0.0020048918668180704, 0.0019231658661738038, 0.0018583617638796568, 0.0018288143910467625, 0.0018375213257968426, 0.0018857286777347326, 0.0019380138255655766, 0.0019369757501408458, 0.001896722475066781, 0.0018275162437930703, 0.001773722586221993, 0.0017452010652050376, 0.00174258544575423, 0.0017623903695493937, 0.001764580956660211, 0.0017503972630947828, 0.0017191703664138913, 0.0016896713059395552, 0.0016748051857575774, 0.0016676931409165263, 0.0016406828071922064, 0.0015975123969838023, 0.0015521758468821645, 0.001541390549391508, 0.0015520317247137427, 0.001574675552546978, 0.0015783692942932248, 0.0015472077066078782, 0.0014681617030873895, 0.0014297148445621133, 0.0014231816167011857, 0.001472724718041718, 0.0015078096184879541, 0.0015116764698177576, 0.0014975013909861445, 0.0014716698788106441, 0.0014546799939125776
PPFD Spectrum, 0.0, 0.0, 0.005782578140497208, 0.0063447714783251286, 0.006795067340135574, 0.007224522531032562, 0.007633810862898827, 0.007873631082475185, 0.008057883009314537, 0.008390708826482296, 0.008858392015099525, 0.009325511753559113, 0.009768011048436165, 0.010147292166948318, 0.010411386378109455, 0.010568710044026375, 0.01048368588089943, 0.010153102688491344, 0.009601120837032795, 0.008963297121226788, 0.00846185814589262, 0.008222614414989948, 0.008296136744320393, 0.008694279938936234, 0.00931333377957344, 0.009921463206410408, 0.010269679129123688, 0.010322431102395058, 0.010165807791054249, 0.009987750090658665, 0.00990099087357521, 0.009955784305930138, 0.010143931955099106, 0.010393007658421993, 0.010504228062927723, 0.010431274771690369, 0.010243934579193592, 0.01001620665192604, 0.009721320122480392, 0.009405435062944889, 0.00916618388146162, 0.009096888825297356, 0.009217007085680962, 0.009537638165056705, 0.009883095510303974, 0.009958767332136631, 0.009831092320382595, 0.009548772126436234, 0.009341842494904995, 0.009264574386179447, 0.009323528967797756, 0.009503161534667015, 0.009588733315467834, 0.009584825485944748, 0.009485694579780102, 0.009393558837473392, 0.009380918927490711, 0.009410792030394077, 0.009326953440904617, 0.009148314595222473, 0.008953571319580078, 0.008955786935985088, 0.009082489646971226, 0.0, 0.0, 0.0, 0.0, 0.0, 0.0, 0.0, 0.0, 0.0, 0.0, 0.0, 0.0
Photopic Lux, 154
Cyanopic Lux, 177
Melanopic Lux, 169
Rhodopic Lux, 167
Chloropic Lux, 160
Erythropic Lux, 153
PPFD, 3
PPFD-R, 1
PPFD-G, 1
PPFD-B, 1
CCT, 6813
CRI, 98
XYZ, 149, 154, 179
xy, 0.3088, 0.3195
uv, 0.1987, 0.4626

File Name, test_jesse thuis 
Device Address, FD:F6:CE:B9:1D:66
Sensor ID, C9-96-74-54-73
Modify Time, 2020-04-13 13:47:54
Is Saturate, not
Integration Time(ms), 42.531
Wavelength, 390, 395, 400, 405, 410, 415, 420, 425, 430, 435, 440, 445, 450, 455, 460, 465, 470, 475, 480, 485, 490, 495, 500, 505, 510, 515, 520, 525, 530, 535, 540, 545, 550, 555, 560, 565, 570, 575, 580, 585, 590, 595, 600, 605, 610, 615, 620, 625, 630, 635, 640, 645, 650, 655, 660, 665, 670, 675, 680, 685, 690, 695, 700, 705, 710, 715, 720, 725, 730, 735, 740, 745, 750, 755, 760
Spectrum, 0.0015328042209148407, 0.0016506985994055867, 0.0018176869489252567, 0.0019735528621822596, 0.0021021233405917883, 0.002230447018519044, 0.002358380937948823, 0.002443767385557294, 0.002507043769583106, 0.0026076952926814556, 0.0027436204254627228, 0.0028627668507397175, 0.0029860935173928738, 0.0030705761164426804, 0.0031119186896830797, 0.0031205727718770504, 0.00306136067956686, 0.0029341860208660364, 0.002760474570095539, 0.0025966675020754337, 0.0024885584134608507, 0.0024425890296697617, 0.002464237157255411, 0.002542494796216488, 0.0026547519955784082, 0.0027637246530503035, 0.0028320488054305315, 0.0028653275221586227, 0.002862611087039113, 0.0028353803791105747, 0.002792828483507037, 0.0027583246119320393, 0.00275214621797204, 0.0027605274226516485, 0.002748776925727725, 0.0027125508058816195, 0.0026654780376702547, 0.0026189826894551516, 0.002556565683335066, 0.002476022345945239, 0.002396042225882411, 0.002348831854760647, 0.002340946812182665, 0.002379835583269596, 0.0024312366731464863, 0.0024284806568175554, 0.0023853699676692486, 0.002312560100108385, 0.002260692184790969, 0.002232820028439164, 0.002221776405349374, 0.0022253163624554873, 0.0022130014840513468, 0.0022014270070940256, 0.002190534956753254, 0.002181888557970524, 0.0021665252279490232, 0.0021391708869487047, 0.0020841145887970924, 0.0020181394647806883, 0.0019670180045068264, 0.0019703516736626625, 0.002006604801863432, 0.002049426781013608, 0.00206477427855134, 0.0020422255620360374, 0.0019770143553614616, 0.0019353076349943876, 0.0019266830058768392, 0.001976750558242202, 0.002001320943236351, 0.001991612371057272, 0.0019405112834647298, 0.001895114197395742, 0.001846247585490346
PPFD Spectrum, 0.0, 0.0, 0.006078345235437155, 0.0066820550709962845, 0.007205238100141287, 0.00773831270635128, 0.008280747570097446, 0.008682705461978912, 0.009012321010231972, 0.009483144618570805, 0.010092133656144142, 0.010650064796209335, 0.011233683675527573, 0.011679857037961483, 0.011967194266617298, 0.012130914255976677, 0.012028698809444904, 0.011651652865111828, 0.011077232658863068, 0.010528448037803173, 0.01019413024187088, 0.010107922367751598, 0.010300511494278908, 0.01073390431702137, 0.01131880097091198, 0.011898940429091454, 0.012311482802033424, 0.012575922533869743, 0.012683656997978687, 0.012681522406637669, 0.012607945129275322, 0.012567478232085705, 0.01265436876565218, 0.012808294966816902, 0.012868674471974373, 0.012812462635338306, 0.01270153559744358, 0.012589449994266033, 0.012396275997161865, 0.012109234929084778, 0.011818238534033298, 0.01168355904519558, 0.011742189526557922, 0.012036732397973537, 0.012398334220051765, 0.012485790066421032, 0.012363849207758904, 0.012083126232028008, 0.01190661359578371, 0.011853148229420185, 0.011887392029166222, 0.011999350972473621, 0.012025450356304646, 0.012054573744535446, 0.012086495757102966, 0.012129991315305233, 0.012135141529142857, 0.012071341276168823, 0.011847774498164654, 0.011557077057659626, 0.011346546933054924, 0.01144813746213913, 0.011742651462554932, 0.0, 0.0, 0.0, 0.0, 0.0, 0.0, 0.0, 0.0, 0.0, 0.0, 0.0, 0.0
Photopic Lux, 192
Cyanopic Lux, 202
Melanopic Lux, 201
Rhodopic Lux, 200
Chloropic Lux, 196
Erythropic Lux, 190
PPFD, 3
PPFD-R, 1
PPFD-G, 1
PPFD-B, 1
CCT, 6290
CRI, 98
XYZ, 184, 192, 206
xy, 0.3166, 0.3297
uv, 0.2003, 0.4693

